Generated_Percent,Dataset_Percent,Difference
6.224748726649113,6.5,-0.2752512733508867
12.171435076547944,12.6,-0.4285649234520559
11.901084413891368,12.4,-0.49891558610863207
41.04585532089911,39.2,1.8458553208991049
9.608942650552857,9.8,-0.19105734944714392
1.7458586259194382,1.9,-0.15414137408056172
0.18985505649748635,0.2,-0.01014494350251366
17.112220129042683,17.4,-0.2877798709573156
